Position,Const,Created,Modified,Description,Title,Original Title,URL,Title Type,IMDb Rating,Runtime (mins),Year,Genres,Num Votes,Release Date,Directors,Your Rating,Date Rated
1,tt2463208,2025-01-09,2025-01-09,,"The Adam Project","The Adam Project",https://www.imdb.com/title/tt2463208/,Movie,6.7,106,2022,"Action, Adventure, Comedy, Sci-Fi",241927,2022-03-11,"Shawn Levy",,
2,tt0238784,2025-01-09,2025-01-09,,"Gilmore Girls","Gilmore Girls",https://www.imdb.com/title/tt0238784/,TV Series,8.2,44,2000,"Comedy, Drama",157252,2000-10-05,,,
3,tt10919420,2025-01-09,2025-01-09,,"Squid Game","Ojing-eo geim",https://www.imdb.com/title/tt10919420/,TV Series,8.0,60,2021,"Action, Drama, Mystery, Thriller",614056,2021-09-17,,,
4,tt0108778,2025-01-09,2025-01-09,,"Friends","Friends",https://www.imdb.com/title/tt0108778/,TV Series,8.9,22,1994,"Comedy, Romance",1125626,1994-09-22,,,
5,tt0457939,2025-01-09,2025-01-09,,"The Holiday","The Holiday",https://www.imdb.com/title/tt0457939/,Movie,7.0,136,2006,"Comedy, Romance",343942,2006-12-08,"Nancy Meyers",,
6,tt1632701,2025-01-09,2025-01-09,,"Suits","Suits",https://www.imdb.com/title/tt1632701/,TV Series,8.4,45,2011,"Comedy, Drama",503777,2011-06-23,,,
7,tt13021414,2025-01-09,2025-01-09,,"Kefaret","Kefaret",https://www.imdb.com/title/tt13021414/,TV Series,5.3,120,2020,"Drama",238,2020-11-22,,,
8,tt14577874,2025-01-09,2025-01-09,,"It's What's Inside","It's What's Inside",https://www.imdb.com/title/tt14577874/,Movie,6.6,103,2024,"Comedy, Mystery, Sci-Fi, Thriller",34847,2024-10-04,"Greg Jardin",,
9,tt30056641,2025-01-09,2025-01-09,,"Aile Çikmazi","Aile Çikmazi",https://www.imdb.com/title/tt30056641/,Movie,3.0,105,2024,"Comedy",130,2024-03-15,"Emre Bahadir Çirakoglu",,
10,tt0837562,2025-01-09,2025-01-09,,"Hotel Transylvania","Hotel Transylvania",https://www.imdb.com/title/tt0837562/,Movie,7.0,91,2012,"Animation, Adventure, Comedy, Family, Fantasy",292194,2012-09-28,"Genndy Tartakovsky",,
11,tt2467372,2025-01-09,2025-01-09,,"Brooklyn Nine-Nine","Brooklyn Nine-Nine",https://www.imdb.com/title/tt2467372/,TV Series,8.4,22,2013,"Comedy, Crime",384552,2013-09-17,,,
12,tt27349314,2025-01-09,2025-01-09,,"The Last Night at Tremore Beach","La última noche en Tremor",https://www.imdb.com/title/tt27349314/,TV Mini Series,7.1,60,2024,"Drama, Mystery, Thriller",3370,2024-10-25,,,
13,tt20502488,2025-01-09,2025-01-09,,"Meet Me Next Christmas","Meet Me Next Christmas",https://www.imdb.com/title/tt20502488/,Movie,5.6,105,2024,"Comedy, Romance",8136,2024-11-06,"Rusty Cundieff",,
14,tt3915174,2025-01-09,2025-01-09,,"Puss in Boots: The Last Wish","Puss in Boots: The Last Wish",https://www.imdb.com/title/tt3915174/,Movie,7.8,102,2022,"Animation, Action, Adventure, Comedy, Family, Fantasy",194837,2022-12-21,"Joel Crawford, Januel Mercado",,
15,tt19264600,2025-01-09,2025-01-09,,"Catering Christmas","Catering Christmas",https://www.imdb.com/title/tt19264600/,TV Movie,5.9,86,2022,"Comedy, Romance",4916,2022-10-29,"T.W. Peacocke",,
16,tt0411008,2025-01-09,2025-01-09,,"Lost","Lost",https://www.imdb.com/title/tt0411008/,TV Series,8.3,45,2004,"Adventure, Drama, Fantasy, Mystery, Sci-Fi, Thriller",625671,2004-09-22,,,
17,tt26933824,2025-01-09,2025-01-09,,"Nobody Wants This","Nobody Wants This",https://www.imdb.com/title/tt26933824/,TV Series,7.9,30,2024,"Comedy, Romance",50158,2024-09-26,,,
18,tt14857528,2025-01-09,2025-01-09,,"Time Cut","Time Cut",https://www.imdb.com/title/tt14857528/,Movie,5.0,91,2024,"Horror, Mystery, Sci-Fi, Thriller",16279,2024-10-30,"Hannah Macpherson",,
19,tt2183014,2025-01-09,2025-01-09,,"Love at First Sight","Love at First Sight",https://www.imdb.com/title/tt2183014/,Movie,6.8,91,2023,"Drama, Romance",37858,2023-09-15,"Vanessa Caswill",,
20,tt20115096,2025-01-09,2025-01-09,,"A Tourist's Guide to Love","A Tourist's Guide to Love",https://www.imdb.com/title/tt20115096/,Movie,5.8,94,2023,"Adventure, Comedy, Romance",7738,2023-04-21,"Steven K. Tsuchida",,
21,tt9866072,2025-01-09,2025-01-09,,"Holidate","Holidate",https://www.imdb.com/title/tt9866072/,Movie,6.2,104,2020,"Comedy, Romance",83224,2020-10-28,"John Whitesell",,
22,tt11301886,2025-01-09,2025-01-09,,"Rebel Ridge","Rebel Ridge",https://www.imdb.com/title/tt11301886/,Movie,6.8,131,2024,"Action, Crime, Drama, Thriller",77204,2024-09-06,"Jeremy Saulnier",,
23,tt28494829,2025-01-09,2025-01-09,,"Officer Black Belt","Mudosilmugwan",https://www.imdb.com/title/tt28494829/,Movie,6.8,108,2024,"Action, Comedy, Crime",7067,2024-09-13,"Joo-hwan Kim",,
24,tt0119468,2025-01-09,2025-01-09,,"Kiss the Girls","Kiss the Girls",https://www.imdb.com/title/tt0119468/,Movie,6.6,115,1997,"Crime, Drama, Mystery, Thriller",92915,1997-10-03,"Gary Fleder",,
25,tt22016156,2025-01-09,2025-01-09,,"The Abyss","Avgrunden",https://www.imdb.com/title/tt22016156/,Movie,5.3,103,2023,"Action, Drama, Thriller",9863,2024-02-16,"Richard Holm",,
26,tt5208252,2025-01-09,2025-01-09,,"Operation Finale","Operation Finale",https://www.imdb.com/title/tt5208252/,Movie,6.6,122,2018,"Biography, Drama, History, Thriller, War",50358,2018-08-29,"Chris Weitz",,
27,tt9893250,2025-01-09,2025-01-09,,"I Care a Lot","I Care a Lot",https://www.imdb.com/title/tt9893250/,Movie,6.4,118,2020,"Comedy, Crime, Drama, Thriller",151404,2021-02-19,"J Blakeson",,
28,tt4550098,2025-01-09,2025-01-09,,"Nocturnal Animals","Nocturnal Animals",https://www.imdb.com/title/tt4550098/,Movie,7.4,116,2016,"Drama, Thriller",324244,2016-12-09,"Tom Ford",,
29,tt11514868,2025-01-09,2025-01-09,,"The Perfect Couple","The Perfect Couple",https://www.imdb.com/title/tt11514868/,TV Mini Series,6.5,60,2024,"Crime, Drama, Mystery",56649,2024-09-05,,,
30,tt8962124,2025-01-09,2025-01-09,,"Emily in Paris","Emily in Paris",https://www.imdb.com/title/tt8962124/,TV Series,6.8,30,2020,"Comedy, Drama, Romance",128620,2020-10-02,,,
31,tt4481414,2025-01-09,2025-01-09,,"Gifted","Gifted",https://www.imdb.com/title/tt4481414/,Movie,7.6,101,2017,"Drama",145547,2017-04-12,"Marc Webb",,
32,tt7131720,2025-01-09,2025-01-09,,"Kakegurui","Kakegurui",https://www.imdb.com/title/tt7131720/,TV Series,7.1,24,2017,"Animation, Drama, Mystery, Thriller",14284,2018-02-01,,,
33,tt21344706,2025-01-09,2025-01-09,,"The Glory","Deo geullori",https://www.imdb.com/title/tt21344706/,TV Series,8.1,50,2022,"Drama, Mystery, Thriller",33947,2022-12-30,,,
34,tt4196566,2025-01-09,2025-01-09,,"The Deliverance","The Deliverance",https://www.imdb.com/title/tt4196566/,Movie,5.1,112,2024,"Horror, Thriller",20967,2024-08-30,"Lee Daniels",,
35,tt8550732,2025-01-09,2025-01-09,,"Kaos","Kaos",https://www.imdb.com/title/tt8550732/,TV Series,7.4,60,2024,"Comedy, Drama, Fantasy",39065,2024-08-29,,,
36,tt1966500,2025-01-09,2025-01-09,,"Korkunç Süphe","Korkunç Süphe",https://www.imdb.com/title/tt1966500/,Movie,6.6,60,1976,"Adventure, Crime, Mystery",15,1976,"Çetin Inanç",,
37,tt13274016,2025-01-09,2025-01-09,,"Reptile","Reptile",https://www.imdb.com/title/tt13274016/,Movie,6.8,134,2023,"Crime, Drama, Mystery, Thriller",100005,2023-09-29,"Grant Singer",,
38,tt26767508,2025-01-09,2025-01-09,,"The Frog","Amudo Eobsneun Supsokeseo",https://www.imdb.com/title/tt26767508/,TV Series,6.8,60,2024,"Crime, Drama, Mystery, Thriller",4392,2024-08-23,,,
39,tt30068042,2025-01-09,2025-01-09,,"The Accident","Accidente",https://www.imdb.com/title/tt30068042/,TV Series,5.7,45,2024,"Drama, Thriller",2791,2024-08-21,,,
40,tt0421239,2025-01-09,2025-01-09,,"Red Eye","Red Eye",https://www.imdb.com/title/tt0421239/,Movie,6.5,85,2005,"Thriller",151775,2005-08-19,"Wes Craven",,
41,tt12747748,2025-01-09,2025-01-09,,"Leave the World Behind","Leave the World Behind",https://www.imdb.com/title/tt12747748/,Movie,6.4,138,2023,"Drama, Mystery, Thriller",222378,2023-12-08,"Sam Esmail",,
42,tt1312171,2025-01-09,2025-01-09,,"The Umbrella Academy","The Umbrella Academy",https://www.imdb.com/title/tt1312171/,TV Series,7.8,60,2019,"Action, Adventure, Comedy, Drama, Fantasy, Sci-Fi",298327,2019-02-15,,,
43,tt2802144,2025-01-09,2025-01-09,,"Kingsman: The Secret Service","Kingsman: The Secret Service",https://www.imdb.com/title/tt2802144/,Movie,7.7,129,2014,"Action, Adventure, Comedy, Thriller",740929,2015-02-13,"Matthew Vaughn",,
44,tt4649466,2025-01-09,2025-01-09,,"Kingsman: The Golden Circle","Kingsman: The Golden Circle",https://www.imdb.com/title/tt4649466/,Movie,6.7,141,2017,"Action, Adventure, Comedy, Crime, Thriller",378526,2017-09-22,"Matthew Vaughn",,
45,tt12929990,2025-01-09,2025-01-09,,"Resort to Love","Resort to Love",https://www.imdb.com/title/tt12929990/,Movie,5.7,101,2021,"Comedy, Romance",7050,2021-07-29,"Steven K. Tsuchida",,
46,tt19862722,2025-01-09,2025-01-09,,"Find Me Falling","Find Me Falling",https://www.imdb.com/title/tt19862722/,Movie,6.3,93,2024,"Comedy, Music, Romance",11728,2024-07-19,"Stelana Kliris",,
47,tt0458352,2025-01-09,2025-01-09,,"The Devil Wears Prada","The Devil Wears Prada",https://www.imdb.com/title/tt0458352/,Movie,6.9,109,2006,"Comedy, Drama",490088,2006-06-30,"David Frankel",,
48,tt1049405,2025-01-09,2025-01-09,,"The Other End of the Line","The Other End of the Line",https://www.imdb.com/title/tt1049405/,Movie,6.1,106,2007,"Comedy, Drama, Family, Romance",6375,2007-03-23,"James Dodson",,
49,tt9860728,2025-01-09,2025-01-09,,"Falling Inn Love","Falling Inn Love",https://www.imdb.com/title/tt9860728/,Movie,5.7,98,2019,"Comedy, Romance",23011,2019-08-29,"Roger Kumble",,
50,tt14034294,2025-01-09,2025-01-09,,"Vanished Into the Night","Svaniti nella notte",https://www.imdb.com/title/tt14034294/,Movie,5.2,92,2024,"Drama, Thriller",4325,2024-07-11,"Renato De Maria",,
51,tt19759204,2025-01-09,2025-01-09,,"Recep Ivedik 7","Recep Ivedik 7",https://www.imdb.com/title/tt19759204/,Movie,5.0,133,2022,"Comedy",7698,2022-12-09,"Togan Gökbakar",,
52,tt27763561,2025-01-09,2025-01-09,,"Hierarchy","Hairaki",https://www.imdb.com/title/tt27763561/,TV Series,6.0,75,2024,"Drama, Romance, Thriller",3476,2024-06-07,,,
53,tt14899624,2025-01-09,2025-01-09,,"Another Self","Zeytin Agaci",https://www.imdb.com/title/tt14899624/,TV Series,7.0,50,2022,"Drama, Romance",17315,2022-07-28,,,
54,tt6823368,2025-01-09,2025-01-09,,"Glass","Glass",https://www.imdb.com/title/tt6823368/,Movie,6.6,129,2019,"Drama, Horror, Sci-Fi, Thriller",287537,2019-01-18,"M. Night Shyamalan",,
55,tt0309698,2025-01-09,2025-01-09,,"Identity","Identity",https://www.imdb.com/title/tt0309698/,Movie,7.3,90,2003,"Mystery, Thriller",275508,2003-04-25,"James Mangold",,
56,tt12383460,2025-01-09,2025-01-09,,"Hypnotic","Hypnotic",https://www.imdb.com/title/tt12383460/,Movie,5.3,88,2021,"Horror, Mystery, Thriller",20561,2021-10-27,"Matt Angel, Suzanne Coote",,
57,tt0211933,2025-01-09,2025-01-09,,"Awake","Awake",https://www.imdb.com/title/tt0211933/,Movie,6.5,84,2007,"Crime, Drama, Mystery, Thriller",82533,2007-11-30,"Joby Harold",,
58,tt0099582,2025-01-09,2025-01-09,,"Flatliners","Flatliners",https://www.imdb.com/title/tt0099582/,Movie,6.6,115,1990,"Drama, Horror, Sci-Fi, Thriller",95473,1990-08-10,"Joel Schumacher",,
59,tt13365348,2025-01-09,2025-01-09,,"Archive 81","Archive 81",https://www.imdb.com/title/tt13365348/,TV Series,7.3,60,2022,"Drama, Horror, Mystery, Sci-Fi, Thriller",62843,2022-01-14,,,
60,tt30423279,2025-01-09,2025-01-09,,"The 8 Show","Deo Eiteu Syo",https://www.imdb.com/title/tt30423279/,TV Series,7.2,60,2024,"Comedy, Drama, Horror, Mystery, Thriller",13880,2024-05-17,,,
61,tt15463032,2025-01-09,2025-01-09,,"Love in the Villa","Love in the Villa",https://www.imdb.com/title/tt15463032/,Movie,5.4,114,2022,"Comedy, Romance",14060,2022-09-01,"Mark Steven Johnson",,
62,tt1041829,2025-01-09,2025-01-09,,"The Proposal","The Proposal",https://www.imdb.com/title/tt1041829/,Movie,6.8,108,2009,"Comedy, Drama, Romance",374825,2009-06-19,"Anne Fletcher",,
63,tt9698442,2025-01-09,2025-01-09,,"Behind Her Eyes","Behind Her Eyes",https://www.imdb.com/title/tt9698442/,TV Mini Series,7.2,50,2021,"Drama, Mystery, Thriller",82129,2021-02-17,,,
64,tt13640670,2025-01-09,2025-01-09,,"Man vs. Bee","Man vs Bee",https://www.imdb.com/title/tt13640670/,TV Series,6.7,12,2022,"Short, Comedy, Family",35116,2022-06-24,,,
65,tt28267514,2025-01-09,2025-01-09,,"Thank You, Next","Kimler Geldi Kimler Geçti",https://www.imdb.com/title/tt28267514/,TV Series,5.9,45,2024,"Comedy, Drama, Romance",17378,2024-05-09,,,
66,tt6226232,2025-01-09,2025-01-09,,"Young Sheldon","Young Sheldon",https://www.imdb.com/title/tt6226232/,TV Series,7.7,30,2017,"Comedy",124989,2017-09-25,,,
67,tt16444502,2025-01-09,2025-01-09,,"Cem Yilmaz: Diamond Elite Platinum Plus","Cem Yilmaz: Diamond Elite Platinum Plus",https://www.imdb.com/title/tt16444502/,TV Special,6.6,94,2021,"Comedy",9829,2021-12-31,"Cem Yilmaz",,
68,tt26760483,2025-01-09,2025-01-09,,"Kübra","Kübra",https://www.imdb.com/title/tt26760483/,TV Series,6.2,45,2024,"Drama, Thriller",4210,2024-01-18,,,
69,tt5845758,2025-01-09,2025-01-09,,"Serial Cook","Sofra Sirlari",https://www.imdb.com/title/tt5845758/,Movie,6.7,98,2017,"Comedy, Crime, Drama",5593,2018-02-16,"Ümit Ünal",,
70,tt7748244,2025-01-09,2025-01-09,,"Mortal World","Ölümlü Dünya",https://www.imdb.com/title/tt7748244/,Movie,7.6,107,2018,"Action, Comedy, Crime",32794,2018-01-26,"Ali Atay",,
71,tt27933364,2025-01-09,2025-01-09,,"Mortal World 2","Ölümlü Dünya 2",https://www.imdb.com/title/tt27933364/,Movie,6.8,117,2023,"Comedy",9770,2023-12-01,"Ali Atay",,
72,tt1856010,2025-01-09,2025-01-09,,"House of Cards","House of Cards",https://www.imdb.com/title/tt1856010/,TV Series,8.6,50,2013,"Drama",541439,2013-02-01,,,
73,tt13323566,2025-01-09,2025-01-09,,"As the Crow Flies","Kus Uçusu",https://www.imdb.com/title/tt13323566/,TV Series,6.4,45,2022,"Drama",7551,2022-06-03,,,
74,tt13016388,2025-01-09,2025-01-09,,"3 Body Problem","3 Body Problem",https://www.imdb.com/title/tt13016388/,TV Series,7.5,60,2024,"Adventure, Drama, Fantasy, Mystery, Sci-Fi",154083,2024-03-21,,,
75,tt26693803,2025-01-09,2025-01-09,,"King the Land","King deo raendeu",https://www.imdb.com/title/tt26693803/,TV Series,5.4,60,2023,"Comedy, Drama, Romance",136664,2023-06-17,,,
76,tt6697582,2025-01-09,2025-01-09,,"Arif V 216","Arif V 216",https://www.imdb.com/title/tt6697582/,Movie,7.0,125,2018,"Comedy, Sci-Fi",40004,2018-01-05,"Kivanç Baruönü",,
77,tt4955642,2025-01-09,2025-01-09,,"The Good Place","The Good Place",https://www.imdb.com/title/tt4955642/,TV Series,8.2,22,2016,"Comedy, Drama, Fantasy, Mystery, Romance",201220,2016-09-19,,,
78,tt7057496,2025-01-09,2025-01-09,,"Forgotten","Gi-eok-ui bam",https://www.imdb.com/title/tt7057496/,Movie,7.4,108,2017,"Crime, Mystery, Thriller",51327,2018-02-21,"Jang Hang-jun",,
79,tt0413267,2025-01-09,2025-01-09,,"Shrek the Third","Shrek the Third",https://www.imdb.com/title/tt0413267/,Movie,6.1,93,2007,"Animation, Adventure, Comedy, Family, Fantasy, Romance",341817,2007-05-18,"Chris Miller, Raman Hui",,
80,tt0384116,2025-01-09,2025-01-09,,"G.O.R.A.","G.O.R.A.",https://www.imdb.com/title/tt0384116/,Movie,8.0,127,2004,"Adventure, Comedy, Sci-Fi",68578,2017-03-10,"Ömer Faruk Sorak",,
81,tt13452446,2025-01-09,2025-01-09,,"Damsel","Damsel",https://www.imdb.com/title/tt13452446/,Movie,6.1,110,2024,"Action, Adventure, Fantasy",104398,2024-03-08,"Juan Carlos Fresnadillo",,
82,tt1632544,2025-01-09,2025-01-09,,"From Me to You","Kimi ni todoke",https://www.imdb.com/title/tt1632544/,Movie,6.9,128,2010,"Drama, Romance",3039,2023-03-30,"Naoto Kumazawa",,
83,tt17513352,2025-01-09,2025-01-09,,"Twenty Five Twenty One","Seumuldaseot seumulhana",https://www.imdb.com/title/tt17513352/,TV Series,8.6,70,2022,"Drama, Romance",16248,2022-02-12,,,
84,tt0412142,2025-01-09,2025-01-09,,"House","House M.D.",https://www.imdb.com/title/tt0412142/,TV Series,8.7,45,2004,"Drama, Mystery",543089,2004-11-16,,,
85,tt9151230,2025-01-09,2025-01-09,,"To the Lake","Epidemiya",https://www.imdb.com/title/tt9151230/,TV Series,7.2,48,2019,"Drama, Sci-Fi, Thriller",15834,2020-10-07,,,
86,tt11097384,2025-01-09,2025-01-09,,"Spaceman","Spaceman",https://www.imdb.com/title/tt11097384/,Movie,5.7,107,2024,"Adventure, Drama, Sci-Fi",40879,2024-03-01,"Johan Renck",,
87,tt31049778,2025-01-09,2025-01-09,,"A Round of Applause","Kuvvetli Bir Alkis",https://www.imdb.com/title/tt31049778/,TV Series,7.3,40,2024,"Drama",4241,2024-02-29,,,
88,tt13231544,2025-01-09,2025-01-09,,"About Dry Grasses","Kuru Otlar Üstüne",https://www.imdb.com/title/tt13231544/,Movie,7.7,197,2023,"Drama",15999,2024-05-21,"Nuri Bilge Ceylan",,
89,tt14641788,2025-01-09,2025-01-09,,"Enola Holmes 2","Enola Holmes 2",https://www.imdb.com/title/tt14641788/,Movie,6.8,129,2022,"Action, Adventure, Crime, Drama, Mystery",107250,2022-11-04,"Harry Bradbeer",,
90,tt0397442,2025-01-09,2025-01-09,,"Gossip Girl","Gossip Girl",https://www.imdb.com/title/tt0397442/,TV Series,7.5,42,2007,"Drama, Romance",201927,2007-09-19,,,
91,tt3469046,2025-01-09,2025-01-09,,"Despicable Me 3","Despicable Me 3",https://www.imdb.com/title/tt3469046/,Movie,6.3,89,2017,"Animation, Adventure, Comedy, Crime, Family, Sci-Fi",164780,2017-06-30,"Kyle Balda, Pierre Coffin, Eric Guillon",,
92,tt13229894,2025-01-09,2025-01-09,,"God's Crooked Lines","Los renglones torcidos de Dios",https://www.imdb.com/title/tt13229894/,Movie,7.1,154,2022,"Drama, Mystery, Thriller",25286,2022-12-09,"Oriol Paulo",,
93,tt7280898,2025-01-09,2025-01-09,,"22 July","22 July",https://www.imdb.com/title/tt7280898/,Movie,6.8,143,2018,"Biography, Crime, Drama, History, Mystery, Thriller",38668,2018-10-10,"Paul Greengrass",,
94,tt16277242,2025-01-09,2025-01-09,,"Society of the Snow","La sociedad de la nieve",https://www.imdb.com/title/tt16277242/,Movie,7.8,144,2023,"Adventure, Biography, Drama, History, Thriller",154392,2024-01-04,"J.A. Bayona",,
95,tt13317454,2025-01-09,2025-01-09,,"Yakamoz S-245","Yakamoz S-245",https://www.imdb.com/title/tt13317454/,TV Series,6.2,45,2022,"Action, Adventure, Drama, Mystery, Sci-Fi, Thriller",8890,2022-04-20,,,
96,tt3032476,2025-01-09,2025-01-09,,"Better Call Saul","Better Call Saul",https://www.imdb.com/title/tt3032476/,TV Series,9.0,45,2015,"Crime, Drama",702208,2015-02-08,,,
97,tt22780536,2025-01-09,2025-01-09,,"A Nearly Normal Family","En helt vanlig familj",https://www.imdb.com/title/tt22780536/,TV Mini Series,6.9,46,2023,"Crime, Drama, Thriller",16194,2023-11-24,,,
98,tt13317582,2025-01-09,2025-01-09,,"The Club","Kulüp",https://www.imdb.com/title/tt13317582/,TV Series,7.8,45,2021,"Drama, History",12270,2021-11-05,,,
99,tt0884328,2025-01-09,2025-01-09,,"The Mist","The Mist",https://www.imdb.com/title/tt0884328/,Movie,7.1,126,2007,"Horror, Sci-Fi, Thriller",352840,2007-11-21,"Frank Darabont",,
100,tt9067020,2025-01-09,2025-01-09,,"The I-Land","The I-Land",https://www.imdb.com/title/tt9067020/,TV Mini Series,4.7,40,2019,"Adventure, Drama, Mystery, Sci-Fi",19983,2019-09-12,,,
101,tt26739535,2025-01-09,2025-01-09,,"MH370: The Plane That Disappeared","MH370: The Plane That Disappeared",https://www.imdb.com/title/tt26739535/,TV Mini Series,6.1,53,2023,"Documentary",14868,2023-03-08,,,
102,tt17553374,2025-01-09,2025-01-09,,"Creature","Yaratilan",https://www.imdb.com/title/tt17553374/,TV Mini Series,6.8,45,2023,"Drama, Fantasy, History, Sci-Fi",4530,2023-10-20,,,
103,tt15567174,2025-01-09,2025-01-09,,"The Fall of the House of Usher","The Fall of the House of Usher",https://www.imdb.com/title/tt15567174/,TV Mini Series,7.9,60,2023,"Drama, Horror, Mystery",121907,2023-10-12,,,
104,tt15789472,2025-01-09,2025-01-09,,"Nowhere","Nowhere",https://www.imdb.com/title/tt15789472/,Movie,6.3,109,2023,"Drama, Thriller",43088,2023-09-29,"Albert Pintó",,
105,tt21308888,2025-01-09,2025-01-09,,"Paradise","Paradise",https://www.imdb.com/title/tt21308888/,Movie,6.3,117,2023,"Action, Sci-Fi, Thriller",23253,2023-07-27,"Boris Kunz",,
106,tt23049270,2025-01-09,2025-01-09,,"Do Not Disturb","Do Not Disturb",https://www.imdb.com/title/tt23049270/,Movie,6.3,114,2023,"Comedy, Drama",10894,2023-09-29,"Cem Yilmaz",,
107,tt12881516,2025-01-09,2025-01-09,,"Black Island","Schwarze Insel",https://www.imdb.com/title/tt12881516/,TV Movie,5.2,104,2021,"Drama, Mystery, Thriller",3513,2021-08-18,"Miguel Alexandre",,
108,tt18075020,2025-01-09,2025-01-09,,"Who Is Erin Carter?","Who Is Erin Carter?",https://www.imdb.com/title/tt18075020/,TV Mini Series,6.5,48,2023,"Action, Adventure, Crime, Thriller",22292,2023-08-24,,,
109,tt2372162,2025-01-09,2025-01-09,,"Orange Is the New Black","Orange Is the New Black",https://www.imdb.com/title/tt2372162/,TV Series,8.0,60,2013,"Comedy, Crime, Drama",326119,2013-07-11,,,
110,tt15473010,2025-01-09,2025-01-09,,"The Tailor","Terzi",https://www.imdb.com/title/tt15473010/,TV Series,6.2,45,2023,"Drama, Mystery, Thriller",6396,2023-05-02,,,
111,tt11792734,2025-01-09,2025-01-09,,"Leyla Everlasting","9 Kere Leyla",https://www.imdb.com/title/tt11792734/,Movie,3.7,112,2020,"Comedy",8026,2020-12-04,"Ezel Akay",,
112,tt1630029,2025-01-09,2025-01-09,,"Avatar: The Way of Water","Avatar: The Way of Water",https://www.imdb.com/title/tt1630029/,Movie,7.5,192,2022,"Action, Adventure, Fantasy, Sci-Fi",521807,2022-12-16,"James Cameron",,
113,tt9018736,2025-01-09,2025-01-09,,"Avatar: The Last Airbender","Avatar: The Last Airbender",https://www.imdb.com/title/tt9018736/,TV Series,7.2,55,2024,"Action, Adventure, Comedy, Drama, Family, Fantasy, Mystery",77216,2024-02-22,,,
114,tt0417299,2025-01-09,2025-01-09,,"Avatar: The Last Airbender","Avatar: The Last Airbender",https://www.imdb.com/title/tt0417299/,TV Series,9.3,23,2005,"Animation, Action, Adventure, Family, Fantasy, Mystery",395073,2005-02-21,,,
115,tt7078180,2025-01-09,2025-01-09,,"Violet Evergarden","Violet Evergarden",https://www.imdb.com/title/tt7078180/,TV Series,8.4,24,2018,"Animation, Drama, Family, Fantasy, Romance, Sci-Fi",32770,2020-08-22,,,
116,tt8271176,2025-01-09,2025-01-09,,"Kung Fu Panda: The Paws of Destiny","Kung Fu Panda: The Paws of Destiny",https://www.imdb.com/title/tt8271176/,TV Series,7.2,24,2018,"Animation, Action, Adventure, Comedy, Drama, Family, Fantasy",1694,2018-11-16,,,
117,tt14169960,2025-01-09,2025-01-09,,"All of Us Are Dead","Jigeum uri hakgyoneun",https://www.imdb.com/title/tt14169960/,TV Series,7.5,60,2022,"Action, Drama, Fantasy, Horror, Sci-Fi, Thriller",73916,2022-01-28,,,
118,tt8824648,2025-01-09,2025-01-09,,"Girl From Nowhere","Girl from Nowhere",https://www.imdb.com/title/tt8824648/,TV Series,7.6,45,2018,"Crime, Drama, Fantasy, Horror, Mystery, Thriller",7405,2018-10-31,,,
119,tt13457822,2025-01-09,2025-01-09,,"Welcome to Eden","Bienvenidos a Edén",https://www.imdb.com/title/tt13457822/,TV Series,5.6,40,2022,"Action, Drama, Sci-Fi, Thriller",8238,2022-05-06,,,
120,tt8748256,2025-01-09,2025-01-09,,"Travel Mates 2","Yol Arkadasim 2",https://www.imdb.com/title/tt8748256/,Movie,5.8,116,2018,"Comedy",4044,2018-10-12,"Bedran Güzel",,
121,tt12451520,2025-01-09,2025-01-09,,"It's Okay to Not Be Okay","Saikojiman Gwaenchanha",https://www.imdb.com/title/tt12451520/,TV Series,8.6,80,2020,"Comedy, Drama, Romance",38773,2020-06-20,,,
122,tt14819828,2025-01-09,2025-01-09,,"Business Proposal","Sanae matseon",https://www.imdb.com/title/tt14819828/,TV Series,8.1,60,2022,"Comedy, Drama, Romance",29524,2022-03-01,,,
123,tt7134908,2025-01-09,2025-01-09,,"Elite","Élite",https://www.imdb.com/title/tt7134908/,TV Series,7.2,60,2018,"Crime, Drama, Thriller",95199,2018-10-05,,,
124,tt13273826,2025-01-09,2025-01-09,,"The Uncanny Counter","Gyeongiroun Somun",https://www.imdb.com/title/tt13273826/,TV Series,8.0,65,2020,"Action, Fantasy, Horror, Mystery, Thriller",12729,2020-11-28,,,
125,tt0075314,2025-01-09,2025-01-09,,"Taxi Driver","Taxi Driver",https://www.imdb.com/title/tt0075314/,Movie,8.2,114,1976,"Crime, Drama",959644,1976-02-09,"Martin Scorsese",,
126,tt1130884,2025-01-09,2025-01-09,,"Shutter Island","Shutter Island",https://www.imdb.com/title/tt1130884/,Movie,8.2,138,2010,"Drama, Mystery, Thriller",1517621,2010-02-19,"Martin Scorsese",,
127,tt0914798,2025-01-09,2025-01-09,,"The Boy in the Striped Pajamas","The Boy in the Striped Pajamas",https://www.imdb.com/title/tt0914798/,Movie,7.7,94,2008,"Drama, War",256460,2008-11-26,"Mark Herman",,
128,tt13400006,2025-01-09,2025-01-09,,"Mr. Queen","Cheolinwanghoo",https://www.imdb.com/title/tt13400006/,TV Series,8.6,70,2020,"Comedy, Fantasy, Romance",12249,2022-02-15,,,
129,tt7335184,2025-01-09,2025-01-09,,"You","You",https://www.imdb.com/title/tt7335184/,TV Series,7.7,45,2018,"Crime, Drama, Romance, Thriller",317593,2018-09-09,,,
130,tt11213372,2025-01-09,2025-01-09,,"Stuck Apart","Azizler",https://www.imdb.com/title/tt11213372/,Movie,6.0,96,2021,"Comedy, Drama",11545,2021-01-08,"Durul Taylan, Yagmur Taylan",,
131,tt13443470,2025-01-09,2025-01-09,,"Wednesday","Wednesday",https://www.imdb.com/title/tt13443470/,TV Series,8.1,45,2022,"Comedy, Crime, Fantasy, Mystery",398069,2022-11-23,,,
132,tt3478046,2025-01-09,2025-01-09,,"Eyyvah Eyvah 3","Eyyvah Eyvah 3",https://www.imdb.com/title/tt3478046/,Movie,5.9,105,2014,"Comedy",8255,2014-01-31,"Hakan Algül",,
133,tt2861424,2025-01-09,2025-01-09,,"Rick and Morty","Rick and Morty",https://www.imdb.com/title/tt2861424/,TV Series,9.1,23,2013,"Animation, Adventure, Comedy, Sci-Fi",633707,2013-12-02,,,
134,tt6763664,2025-01-09,2025-01-09,,"The Haunting of Hill House","The Haunting of Hill House",https://www.imdb.com/title/tt6763664/,TV Mini Series,8.5,60,2018,"Drama, Horror, Mystery, Thriller",303845,2018-10-12,,,
135,tt5421602,2025-01-09,2025-01-09,,"Anne with an E","Anne with an E",https://www.imdb.com/title/tt5421602/,TV Series,8.6,60,2017,"Drama, Family",71619,2017-05-12,,,
136,tt4574334,2025-01-09,2025-01-09,,"Stranger Things","Stranger Things",https://www.imdb.com/title/tt4574334/,TV Series,8.7,60,2016,"Drama, Fantasy, Horror, Mystery, Sci-Fi, Thriller",1407921,2016-07-15,,,
137,tt10813940,2025-01-09,2025-01-09,,"Ginny & Georgia","Ginny & Georgia",https://www.imdb.com/title/tt10813940/,TV Series,7.5,,2021,"Comedy, Drama",87978,2021-02-24,,,
138,tt16913068,2025-01-09,2025-01-09,,"Shahmaran","Sahmaran",https://www.imdb.com/title/tt16913068/,TV Series,5.4,60,2023,"Adventure, Drama, Fantasy, Mystery, Romance, Thriller",19818,2023-01-20,,,
139,tt4332232,2025-01-09,2025-01-09,,"Fractured","Fractured",https://www.imdb.com/title/tt4332232/,Movie,6.5,99,2019,"Drama, Mystery, Thriller",100113,2019-10-11,"Brad Anderson",,
140,tt0330373,2025-01-09,2025-01-09,,"Harry Potter and the Goblet of Fire","Harry Potter and the Goblet of Fire",https://www.imdb.com/title/tt0330373/,Movie,7.7,157,2005,"Adventure, Family, Fantasy, Mystery",705744,2005-11-18,"Mike Newell",,
141,tt8946378,2025-01-09,2025-01-09,,"Knives Out","Knives Out",https://www.imdb.com/title/tt8946378/,Movie,7.9,130,2019,"Comedy, Crime, Drama, Mystery, Thriller",803287,2019-11-27,"Rian Johnson",,
142,tt4524056,2025-01-09,2025-01-09,,"Vis a vis","Vis a vis",https://www.imdb.com/title/tt4524056/,TV Series,8.1,53,2015,"Drama, Thriller",27185,2019-05-31,,,
143,tt11126994,2025-01-09,2025-01-09,,"Arcane","Arcane",https://www.imdb.com/title/tt11126994/,TV Series,9.0,40,2021,"Animation, Action, Adventure, Drama, Fantasy, Sci-Fi",365015,2021-11-06,,,
144,tt13029044,2025-01-09,2025-01-09,,"Mother/Android","Mother/Android",https://www.imdb.com/title/tt13029044/,Movie,4.9,110,2021,"Drama, Sci-Fi, Thriller",21755,2021-12-17,"Mattson Tomlin",,
145,tt11286314,2025-01-09,2025-01-09,,"Don't Look Up","Don't Look Up",https://www.imdb.com/title/tt11286314/,Movie,7.2,138,2021,"Comedy, Drama, Sci-Fi",627834,2021-12-24,"Adam McKay",,
146,tt11823088,2025-01-09,2025-01-09,,"100 Humans: Life's Questions. Answered.","100 Humans",https://www.imdb.com/title/tt11823088/,TV Series,5.8,,2020,"Reality-TV",4692,2020-03-13,,,
147,tt1442437,2025-01-09,2025-01-09,,"Modern Family","Modern Family",https://www.imdb.com/title/tt1442437/,TV Series,8.5,22,2009,"Comedy, Drama, Romance",505706,2009-09-23,,,
148,tt2085059,2025-01-09,2025-01-09,,"Black Mirror","Black Mirror",https://www.imdb.com/title/tt2085059/,TV Series,8.7,60,2011,"Crime, Drama, Mystery, Sci-Fi, Thriller",666943,2011-12-04,,,
149,tt10516352,2025-01-09,2025-01-09,,"Love 101","Ask 101",https://www.imdb.com/title/tt10516352/,TV Series,7.4,40,2020,"Comedy, Drama, Romance",18058,2020-04-24,,,
150,tt4158110,2025-01-09,2025-01-09,,"Mr. Robot","Mr. Robot",https://www.imdb.com/title/tt4158110/,TV Series,8.5,45,2015,"Crime, Drama, Thriller",433315,2015-06-24,,,
151,tt0455275,2025-01-09,2025-01-09,,"Prison Break","Prison Break",https://www.imdb.com/title/tt0455275/,TV Series,8.3,44,2005,"Action, Crime, Drama, Mystery, Thriller",611337,2005-08-29,,,
152,tt10834220,2025-01-09,2025-01-09,,"The Chestnut Man","Kastanjemanden",https://www.imdb.com/title/tt10834220/,TV Series,7.7,50,2021,"Crime, Drama, Mystery, Thriller",57591,2021-09-29,,,
153,tt6468322,2025-01-09,2025-01-09,,"Money Heist","La casa de papel",https://www.imdb.com/title/tt6468322/,TV Series,8.2,60,2017,"Action, Crime, Drama, Mystery, Thriller",557945,2017-05-02,,,
154,tt0241527,2025-01-09,2025-01-09,,"Harry Potter and the Sorcerer's Stone","Harry Potter and the Sorcerer's Stone",https://www.imdb.com/title/tt0241527/,Movie,7.7,152,2001,"Adventure, Family, Fantasy",889698,2001-11-16,"Chris Columbus",,
155,tt0304141,2025-01-09,2025-01-09,,"Harry Potter and the Prisoner of Azkaban","Harry Potter and the Prisoner of Azkaban",https://www.imdb.com/title/tt0304141/,Movie,7.9,142,2004,"Adventure, Family, Fantasy, Mystery",717316,2004-06-04,"Alfonso Cuarón",,
156,tt8442644,2025-01-09,2025-01-09,,"Money Trap","Organize Isler: Sazan Sarmali",https://www.imdb.com/title/tt8442644/,Movie,6.0,121,2019,"Comedy, Crime",16660,2019-02-01,"Yilmaz Erdogan",,
157,tt12809988,2025-01-09,2025-01-09,,"Sweet Tooth","Sweet Tooth",https://www.imdb.com/title/tt12809988/,TV Series,7.7,50,2021,"Action, Adventure, Drama, Fantasy, Sci-Fi",74797,2021-06-04,,,
158,tt10147644,2025-01-09,2025-01-09,,"The Innocent","El inocente",https://www.imdb.com/title/tt10147644/,TV Mini Series,7.8,58,2021,"Crime, Drama, Mystery, Thriller",39546,2021-04-30,,,
159,tt11961378,2025-01-09,2025-01-09,,"Fatma","Fatma",https://www.imdb.com/title/tt11961378/,TV Series,7.4,40,2021,"Crime, Drama, Thriller",9879,2021-04-27,,,
160,tt0377092,2025-01-09,2025-01-09,,"Mean Girls","Mean Girls",https://www.imdb.com/title/tt0377092/,Movie,7.1,97,2004,"Comedy",453849,2004-04-30,"Mark Waters",,
161,tt7653254,2025-01-09,2025-01-09,,"Marriage Story","Marriage Story",https://www.imdb.com/title/tt7653254/,Movie,7.9,137,2019,"Drama, Romance",356549,2019-12-06,"Noah Baumbach",,
162,tt1475582,2025-01-09,2025-01-09,,"Sherlock","Sherlock",https://www.imdb.com/title/tt1475582/,TV Series,9.1,90,2010,"Crime, Drama, Mystery, Thriller",1031876,2010-10-24,,,
163,tt0054135,2025-01-09,2025-01-09,,"Ocean's Eleven","Ocean's Eleven",https://www.imdb.com/title/tt0054135/,Movie,6.5,127,1960,"Comedy, Crime, Music, Thriller",25917,1960-08-04,"Lewis Milestone",,
164,tt11301642,2025-01-09,2025-01-09,,"Ethos","Bir Baskadir",https://www.imdb.com/title/tt11301642/,TV Series,8.5,45,2020,"Drama, Thriller",30382,2020-11-12,,,
165,tt2661044,2025-01-09,2025-01-09,,"The 100","The 100",https://www.imdb.com/title/tt2661044/,TV Series,7.5,43,2014,"Action, Drama, Sci-Fi",286522,2014-03-19,,,
166,tt10420532,2025-01-09,2025-01-09,,"Ask Tesadüfleri Sever 2","Ask Tesadüfleri Sever 2",https://www.imdb.com/title/tt10420532/,Movie,7.1,124,2020,"Drama, Romance",3368,2020-01-31,"Ipek Sorak, Ömer Faruk Sorak",,
167,tt5753856,2025-01-09,2025-01-09,,"Dark","Dark",https://www.imdb.com/title/tt5753856/,TV Series,8.7,60,2017,"Crime, Drama, Mystery, Sci-Fi, Thriller",474557,2017-12-01,,,
168,tt0903747,2025-01-09,2025-01-09,,"Breaking Bad","Breaking Bad",https://www.imdb.com/title/tt0903747/,TV Series,9.5,45,2008,"Crime, Drama, Thriller",2262411,2008-01-20,,,
169,tt2084970,2025-01-09,2025-01-09,,"The Imitation Game","The Imitation Game",https://www.imdb.com/title/tt2084970/,Movie,8.0,114,2014,"Biography, Drama, Thriller, War",843778,2014-12-25,"Morten Tyldum",,
170,tt9815454,2025-01-09,2025-01-09,,"Unorthodox","Unorthodox",https://www.imdb.com/title/tt9815454/,TV Mini Series,8.0,53,2020,"Drama",94988,2020-03-26,,,
171,tt4786824,2025-01-09,2025-01-09,,"The Crown","The Crown",https://www.imdb.com/title/tt4786824/,TV Series,8.6,60,2016,"Biography, Drama, History",266238,2016-11-04,,,
172,tt8667956,2025-01-09,2025-01-09,,"Freud","Freud",https://www.imdb.com/title/tt8667956/,TV Series,6.5,55,2020,"Crime, Thriller",13574,2020-03-23,,,
173,tt3007572,2025-01-09,2025-01-09,,"Locke & Key","Locke & Key",https://www.imdb.com/title/tt3007572/,TV Series,7.3,48,2020,"Drama, Fantasy, Horror, Mystery, Thriller",101299,2020-02-07,,,
174,tt5180504,2025-01-09,2025-01-09,,"The Witcher","The Witcher",https://www.imdb.com/title/tt5180504/,TV Series,8.0,60,2019,"Action, Adventure, Drama, Fantasy, Mystery",587968,2019-12-20,,,
175,tt5420376,2025-01-09,2025-01-09,,"Riverdale","Riverdale",https://www.imdb.com/title/tt5420376/,TV Series,6.5,45,2017,"Crime, Drama, Mystery, Romance",158796,2017-01-26,,,
